{
  "config": {
    "domain": 600.0,
    "interface_z": 300.0,
    "source": [
      300.0,
      150.0
    ],
    "t_final": 0.05,
    "dxes": [
      10.0,
      5.0,
      2.5,
      1.25
    ],
    "IF": {
      "rho": 1000.0,
      "Vp": 1500.0,
      "Vs": 0.0
    },
    "IS1": {
      "rho": 1800.0,
      "Vp": 1900.0,
      "Vs": 1200.0
    }
  },
  "schemes": {
    "SSGS": {
      "errors": [
        0.9846468445073838,
        1.0049061262865802,
        0.8991068510462967
      ],
      "deltas": [
        0.9798396275540082,
        1.1176715260451682
      ],
      "walls": [
        0.004008958116173744,
        0.017017750069499016,
        0.1150818751193583,
        1.1239166660234332
      ]
    },
    "RSGS": {
      "errors": [
        0.9944114900102436,
        1.1702884947494763,
        1.3029371367090388
      ],
      "deltas": [
        0.8497148305496393,
        0.898192600224285
      ],
      "walls": [
        0.014838667120784521,
        0.068681666161865,
        0.2987822908908129,
        2.383208999875933
      ]
    }
  }
}