{
  "2": [
    1.1903173318756664,
    -0.06343911062522209
  ],
  "3": [
    1.2202732653463777,
    -0.09501571949915333,
    0.012954778630216459
  ],
  "4": [
    1.2348189612082718,
    -0.10637693483481325,
    0.021926796071012257,
    -0.0036174481512704832
  ],
  "5": [
    1.2429668679175447,
    -0.11346418204399177,
    0.026855441848051772,
    -0.0067615181801182365,
    0.0011643440261110488
  ],
  "6": [
    1.248261676329614,
    -0.11808490638670052,
    0.030402498035170505,
    -0.008997443959559436,
    0.002381465520831924,
    -0.0004064117559941955
  ],
  "7": [
    1.2519685945356913,
    -0.12139099274620191,
    0.03300284287346974,
    -0.010796513256081521,
    0.003418323774153869,
    -0.000903886023004598,
    0.00014950726260016387
  ],
  "8": [
    1.254714007210437,
    -0.12386792164405805,
    0.03501324512812618,
    -0.012245415664022758,
    0.004335679821741957,
    -0.001390809559251215,
    0.0003596316298076179,
    -5.7065513476514505e-05
  ],
  "9": [
    1.2568292992386596,
    -0.1257970995025776,
    0.03661226527280045,
    -0.013443119091307756,
    0.005135325925839637,
    -0.00185917984948744,
    0.0005900910786333742,
    -0.0001477456693375843,
    2.2385445521189148e-05
  ],
  "10": [
    1.2585097623050276,
    -0.1273425554871471,
    0.03791660052773117,
    -0.014448156638824794,
    0.00583696496934055,
    -0.002296659320195045,
    0.0008290557228429301,
    -0.00025737172596075733,
    6.21072457684292e-05,
    -8.968731473582591e-06
  ],
  "11": [
    1.2598772049150382,
    -0.12860910002360015,
    0.03900122594265252,
    -0.015303913788144536,
    0.006455170893927854,
    -0.002701899788868548,
    0.001066509357508206,
    -0.0003790863108797473,
    0.00011442776693169868,
    -2.6558768827887407e-05,
    3.654246533107842e-06
  ]
}