{
  "1e-06": {
    "2": {
      "TE": 0.07955625719808225,
      "SA": 0.09558734990461275,
      "LS": 0.10760398433227295
    },
    "3": {
      "TE": 0.20852026439526922,
      "SA": 0.28101688153754223,
      "LS": 0.30941006399161464
    },
    "4": {
      "TE": 0.33162537641627854,
      "SA": 0.4639515340811899,
      "LS": 0.5105447559922336
    },
    "5": {
      "TE": 0.4355932714816449,
      "SA": 0.6159988506735108,
      "LS": 0.6785613101241529
    },
    "6": {
      "TE": 0.5216282509757278,
      "SA": 0.7381174233769369,
      "LS": 0.8120024157553408
    },
    "7": {
      "TE": 0.5931941257445611,
      "SA": 0.836374500770501,
      "LS": 0.9170379029701446
    },
    "8": {
      "TE": 0.6534794569365839,
      "SA": 0.9163468987114938,
      "LS": 1.0003289634118306
    },
    "9": {
      "TE": 0.7049051553844076,
      "SA": 0.9823550274216309,
      "LS": 1.0672568203541108
    },
    "10": {
      "TE": 0.7493334440764224,
      "SA": 1.0375635705309636,
      "LS": 1.121762020367649
    },
    "11": {
      "TE": 0.788160872338712,
      "SA": 1.0843251193922783,
      "LS": 1.1667795895845277
    }
  },
  "1e-05": {
    "2": {
      "TE": 0.14156679441807904,
      "SA": 0.16988282746505542,
      "LS": 0.19126653650138778
    },
    "3": {
      "TE": 0.30719087471831363,
      "SA": 0.41173895437684815,
      "LS": 0.45240822020163673
    },
    "4": {
      "TE": 0.4455745260547786,
      "SA": 0.6178041161549279,
      "LS": 0.6746530773849042
    },
    "5": {
      "TE": 0.5546349537431738,
      "SA": 0.7753948798711396,
      "LS": 0.8426429849943579
    },
    "6": {
      "TE": 0.641198044341612,
      "SA": 0.8953478036361004,
      "LS": 0.9673828442836063
    },
    "7": {
      "TE": 0.7113208384036005,
      "SA": 0.9882427671196989,
      "LS": 1.0610747641460043
    },
    "8": {
      "TE": 0.7692355069698064,
      "SA": 1.0616541882253665,
      "LS": 1.132913954864914
    },
    "9": {
      "TE": 0.8179657223452752,
      "SA": 1.120805748661722,
      "LS": 1.1891888356170472
    },
    "10": {
      "TE": 0.8596107428082742,
      "SA": 1.1692667746788006,
      "LS": 1.2341614222606727
    },
    "11": {
      "TE": 0.8956367789408368,
      "SA": 1.209610193718482,
      "LS": 1.2707497687969038
    }
  },
  "1e-04": {
    "2": {
      "TE": 0.2522463389922044,
      "SA": 0.3013763713526275,
      "LS": 0.3396943970745569
    },
    "3": {
      "TE": 0.4544453592655521,
      "SA": 0.6018713191748293,
      "LS": 0.6586513399230225
    },
    "4": {
      "TE": 0.602523538492216,
      "SA": 0.8212102869207006,
      "LS": 0.885732217764294
    },
    "5": {
      "TE": 0.7116215075180874,
      "SA": 0.9746641495543392,
      "LS": 1.0393058576386218
    },
    "6": {
      "TE": 0.7948577910568171,
      "SA": 1.0846797048250525,
      "LS": 1.1453280152045562
    },
    "7": {
      "TE": 0.8604879064818148,
      "SA": 1.1660999256044267,
      "LS": 1.2211539485465457
    },
    "8": {
      "TE": 0.9137055176675873,
      "SA": 1.2281068038628324,
      "LS": 1.2772894031787234
    },
    "9": {
      "TE": 0.9578682079804222,
      "SA": 1.2765598134628136,
      "LS": 1.3201206344163219
    },
    "10": {
      "TE": 0.9951244210344053,
      "SA": 1.3151559037789287,
      "LS": 1.353653832964337
    },
    "11": {
      "TE": 1.0271302461796792,
      "SA": 1.3464766395906733,
      "LS": 1.3804594720279877
    }
  },
  "1e-03": {
    "2": {
      "TE": 0.45166699223577716,
      "SA": 0.5318539167993854,
      "LS": 0.6016467123136672
    },
    "3": {
      "TE": 0.678933977353001,
      "SA": 0.8747247338119147,
      "LS": 0.9506423535506682
    },
    "4": {
      "TE": 0.8252514111973636,
      "SA": 1.0856243277714814,
      "LS": 1.151147865622737
    },
    "5": {
      "TE": 0.9262282958764683,
      "SA": 1.21829810921141,
      "LS": 1.2704551784109388
    },
    "6": {
      "TE": 1.000243234489181,
      "SA": 1.3060496939378492,
      "LS": 1.3464243165426801
    },
    "7": {
      "TE": 1.057091166779869,
      "SA": 1.3667280338110142,
      "LS": 1.3977736319297334
    },
    "8": {
      "TE": 1.1022707427058482,
      "SA": 1.4102444462366206,
      "LS": 1.4342589730460946
    },
    "9": {
      "TE": 1.1391648403632004,
      "SA": 1.4423948913357005,
      "LS": 1.461141760285524
    },
    "10": {
      "TE": 1.1699489506108607,
      "SA": 1.466758669215099,
      "LS": 1.4815851660439963
    },
    "11": {
      "TE": 1.1960875530387358,
      "SA": 1.4855876761254174,
      "LS": 1.4975262930474753
    }
  }
}