{
  "2": [
    1.2212280317291022,
    -0.0737426772430341
  ],
  "3": [
    1.2270619803071932,
    -0.09641949437866335,
    0.012439300565759388
  ],
  "4": [
    1.234995964410114,
    -0.10590459392220922,
    0.020561869408947487,
    -0.0028702185268891073
  ],
  "5": [
    1.2412578619213086,
    -0.11176449935169881,
    0.02536469693347441,
    -0.005669176727380747,
    0.0007662653953423431
  ],
  "6": [
    1.2459203991861192,
    -0.1159598372961094,
    0.028677863309469982,
    -0.007822754451710925,
    0.0017531314425995406,
    -0.0002226459696873052
  ],
  "7": [
    1.2494528155277456,
    -0.1191243443037888,
    0.031184368347806378,
    -0.009524110546198606,
    0.0026816051595589243,
    -0.0005778290165749249,
    6.837093955946479e-05
  ],
  "8": [
    1.2522001462888932,
    -0.12159577005804642,
    0.033168264063461725,
    -0.01091945496310712,
    0.0035125634200273855,
    -0.0009709608316224767,
    0.00019822851052688528,
    -2.182959730410246e-05
  ],
  "9": [
    1.2543900535263188,
    -0.12357821408190432,
    0.034784153041738874,
    -0.012091396666362901,
    0.004253119529649991,
    -0.0013643066223292932,
    0.00036300805712852517,
    -6.987796448412865e-05,
    7.1742340355064424e-06
  ],
  "10": [
    1.2561731655775967,
    -0.12520300491341307,
    0.03612809977880571,
    -0.013092239150139162,
    0.00491480686137227,
    -0.0017439670642242905,
    0.0005452039683904568,
    -0.00013849717395168757,
    2.5118511339938754e-05,
    -2.410968361827854e-06
  ],
  "11": [
    1.257651566343133,
    -0.12655848973343176,
    0.03726437542027512,
    -0.013957950476940647,
    0.005508350944081212,
    -0.0021045650176774403,
    0.0007347688483728977,
    -0.00022153834724816993,
    5.3563343719966215e-05,
    -9.162103400686669e-06,
    8.24718730515198e-07
  ]
}