{
  "2": [
    1.125,
    -0.041666666666666664
  ],
  "3": [
    1.171875,
    -0.06510416666666667,
    0.0046875
  ],
  "4": [
    1.1962890625,
    -0.07975260416666667,
    0.0095703125,
    -0.0006975446428571429
  ],
  "5": [
    1.21124267578125,
    -0.0897216796875,
    0.0138427734375,
    -0.0017656598772321428,
    0.00011867947048611111
  ],
  "6": [
    1.2213363647460938,
    -0.09693145751953125,
    0.017447662353515626,
    -0.002967289515904018,
    0.0003590053982204861,
    -2.184781161221591e-05
  ],
  "7": [
    1.2286062240600586,
    -0.10238385200500488,
    0.020476770401000977,
    -0.004178932734898159,
    0.0006894535488552517,
    -7.692250338467684e-05,
    4.236514751727765e-06
  ],
  "8": [
    1.2340910732746124,
    -0.10664984583854675,
    0.023036366701126097,
    -0.005342385598591396,
    0.0010772711700863307,
    -0.00016641887751492587,
    1.7021711056049055e-05,
    -8.52346420288086e-07
  ],
  "9": [
    1.2383761117234826,
    -0.1100778765976429,
    0.025217840820550917,
    -0.006433122658303806,
    0.001496785423821873,
    -0.000286280092867938,
    4.099395412665147e-05,
    -3.848876804113388e-06,
    1.7626649316619423e-07
  ],
  "10": [
    1.241816045367159,
    -0.11289236776065081,
    0.027094168262556194,
    -0.00744345281938357,
    0.0019297840642846292,
    -0.00043061297302219003,
    7.707717416521448e-05,
    -1.0216503869742156e-05,
    8.837806115693906e-07,
    -3.7237585179115594e-08
  ],
  "11": [
    1.2446383545611752,
    -0.11524429208899771,
    0.02872242356679635,
    -0.008373884421806517,
    0.002363985478748671,
    -0.0005934385034462056,
    0.00012496703605463082,
    -2.0858695400723566e-05,
    2.564126642776982e-06,
    -2.0527218829987474e-07,
    8.001647767655196e-09
  ]
}