{
  "_provenance": {
    "regenerated": "2026-05-28",
    "scipy_version": "1.17.1",
    "phase": "Phase X deepening",
    "note": "Re-pinned from parent's compute_sto_coefficients optimizer output. Prior pinned values (committed in earlier engagement phase) drifted ~5e-6 at P=5,cfl=0.4 vs current SciPy; this is consistent with SLSQP local-minimum sensitivity in the LS objective. The pin assertion (test_pinned_sto_coefficients) locks reproducibility against the current SciPy environment; if SciPy is upgraded and these values move materially, regenerate by running `compute_sto_coefficients(P, cfl)` for each entry and committing the new file."
  },
  "P6_cfl0.3": {
    "1": 0.8626645540923947,
    "2": -0.27117666443572297,
    "3": 0.07604526430948398,
    "4": -0.011584340806264005,
    "5": -0.0015241043757837401,
    "6": 0.0009184778257623095
  },
  "P6_cfl0.4": {
    "1": 0.8626745942201951,
    "2": -0.2711850367557073,
    "3": 0.07604203961934883,
    "4": -0.011572746858691595,
    "5": -0.0015350322589264601,
    "6": 0.0009225848604286391
  },
  "P6_cfl0.5": {
    "1": 0.897320664928222,
    "2": -0.3220056532682988,
    "3": 0.1205103072056931,
    "4": -0.03785611793609587,
    "5": 0.008563893313490249,
    "6": -0.0010392124719619412
  },
  "P5_cfl0.4": {
    "1": 0.879724394698518,
    "2": -0.29613721233796625,
    "3": 0.09777945026548526,
    "4": -0.024333568142647723,
    "5": 0.0033091903503098892
  },
  "P4_cfl0.4": {
    "1": 0.8544834321549197,
    "2": -0.26088821271422286,
    "3": 0.06998986546208646,
    "4": -0.010669150778183343
  }
}
