{
  "P6_cfl0.3": {
    "1": 0.862664554112,
    "2": -0.271176664464,
    "3": 0.076045264332,
    "4": -0.011584340818,
    "5": -0.001524104372,
    "6": 0.000918477825
  },
  "P6_cfl0.4": {
    "1": 0.862674594216,
    "2": -0.271185036748,
    "3": 0.07604203961,
    "4": -0.011572746851,
    "5": -0.001535032264,
    "6": 0.000922584862
  },
  "P6_cfl0.5": {
    "1": 0.897320664394,
    "2": -0.322005652486,
    "3": 0.120510306523,
    "4": -0.037856117534,
    "5": 0.00856389316,
    "6": -0.001039212442
  },
  "P5_cfl0.4": {
    "1": 0.879720053108,
    "2": -0.296131225097,
    "3": 0.097774776169,
    "4": -0.024331295312,
    "5": 0.003308649965
  },
  "P4_cfl0.4": {
    "1": 0.854483432269,
    "2": -0.260888212859,
    "3": 0.06998986556,
    "4": -0.010669150808
  }
}