{
  "config": {
    "L_x": 0.1,
    "interface_y": 0.05,
    "T_end_periods": 0.05,
    "border_cells": 18,
    "medium": {
      "c_f": 1500.0,
      "rho_f": 1000.0,
      "c_p": 4000.0,
      "c_s": 2000.0,
      "rho_s": 2600.0,
      "omega": 314159.2653589793
    }
  },
  "sweep": [
    {
      "Nx": 60,
      "dx": 0.0016666666666666668,
      "dt": 1.1111111111111114e-07,
      "n_steps": 9,
      "T_end": 1.0000000000000002e-06,
      "n_irregular_cells": 120,
      "L_inf": 3033757.6762479087,
      "L_1": 59555.04213929132,
      "setup_s": 0.2614881992340088,
      "step_s": 0.02464890480041504,
      "border_cells": 18,
      "L_inf_at_component": 4,
      "L_inf_at_ij": [
        57,
        29
      ],
      "L_inf_dist_to_interface_cells": 1
    },
    {
      "Nx": 100,
      "dx": 0.001,
      "dt": 6.666666666666668e-08,
      "n_steps": 15,
      "T_end": 1.0000000000000002e-06,
      "n_irregular_cells": 200,
      "L_inf": 2138900.731761928,
      "L_1": 25484.144274941245,
      "setup_s": 0.40816569328308105,
      "step_s": 0.07458901405334473,
      "border_cells": 18,
      "L_inf_at_component": 4,
      "L_inf_at_ij": [
        98,
        49
      ],
      "L_inf_dist_to_interface_cells": 1
    },
    {
      "Nx": 150,
      "dx": 0.0006666666666666668,
      "dt": 4.5454545454545464e-08,
      "n_steps": 22,
      "T_end": 1.0000000000000002e-06,
      "n_irregular_cells": 300,
      "L_inf": 1549738.8174329957,
      "L_1": 14838.033326220566,
      "setup_s": 0.6181728839874268,
      "step_s": 0.1650397777557373,
      "border_cells": 18,
      "L_inf_at_component": 4,
      "L_inf_at_ij": [
        148,
        72
      ],
      "L_inf_dist_to_interface_cells": 3
    }
  ],
  "order_L_inf": 0.7310017338986511,
  "order_L_1": 1.5228376941800357,
  "paper_reference": "Lombard & Piraux 2004 JCP 195 Table 2"
}