{
  "config": {
    "L_x": 0.1,
    "interface_y": 0.05,
    "T_end_periods": 0.15,
    "border_cells": 6,
    "medium": {
      "c_f": 1500.0,
      "rho_f": 1000.0,
      "c_p": 4000.0,
      "c_s": 2000.0,
      "rho_s": 2600.0,
      "omega": 314159.2653589793
    }
  },
  "sweep": [
    {
      "Nx": 60,
      "dx": 0.0016666666666666668,
      "dt": 1.1538461538461539e-07,
      "n_steps": 26,
      "T_end": 3e-06,
      "n_irregular_cells": 120,
      "L_inf": 10998038.72053937,
      "L_1": 220729.59629845063,
      "setup_s": 0.25859904289245605,
      "step_s": 0.07021188735961914,
      "border_cells": 6,
      "L_inf_at_component": 4,
      "L_inf_at_ij": [
        10,
        29
      ],
      "L_inf_dist_to_interface_cells": 1
    },
    {
      "Nx": 100,
      "dx": 0.001,
      "dt": 6.976744186046512e-08,
      "n_steps": 43,
      "T_end": 3e-06,
      "n_irregular_cells": 200,
      "L_inf": 19251844.165640198,
      "L_1": 266566.5794487425,
      "setup_s": 0.40851688385009766,
      "step_s": 0.20830368995666504,
      "border_cells": 6,
      "L_inf_at_component": 4,
      "L_inf_at_ij": [
        74,
        49
      ],
      "L_inf_dist_to_interface_cells": 1
    },
    {
      "Nx": 150,
      "dx": 0.0006666666666666668,
      "dt": 4.6875e-08,
      "n_steps": 64,
      "T_end": 3e-06,
      "n_irregular_cells": 300,
      "L_inf": 41916154.791021384,
      "L_1": 453197.43065346143,
      "setup_s": 0.6143100261688232,
      "step_s": 0.49538207054138184,
      "border_cells": 6,
      "L_inf_at_component": 4,
      "L_inf_at_ij": [
        89,
        74
      ],
      "L_inf_dist_to_interface_cells": 1
    }
  ],
  "order_L_inf": -1.4446919911870713,
  "order_L_1": -0.7674215639710931,
  "paper_reference": "Lombard & Piraux 2004 JCP 195 Table 2"
}