{
  "config": {
    "L_x": 0.1,
    "interface_y": 0.05,
    "T_end_periods": 0.05,
    "border_cells": 18,
    "medium": {
      "c_f": 1500.0,
      "rho_f": 1000.0,
      "c_p": 4000.0,
      "c_s": 2000.0,
      "rho_s": 2600.0,
      "omega": 314159.2653589793
    }
  },
  "sweep": [
    {
      "Nx": 60,
      "dx": 0.0016666666666666668,
      "dt": 1.1111111111111114e-07,
      "n_steps": 9,
      "T_end": 1.0000000000000002e-06,
      "n_irregular_cells": 120,
      "L_inf": 500138.31112430256,
      "L_1": 14391.367197078342,
      "setup_s": 0.3074371814727783,
      "step_s": 0.024667024612426758,
      "border_cells": 18,
      "L_inf_at_component": 4,
      "L_inf_at_ij": [
        22,
        29
      ],
      "L_inf_dist_to_interface_cells": 1
    },
    {
      "Nx": 100,
      "dx": 0.001,
      "dt": 6.666666666666668e-08,
      "n_steps": 15,
      "T_end": 1.0000000000000002e-06,
      "n_irregular_cells": 200,
      "L_inf": 281980.43839809747,
      "L_1": 5590.628286593777,
      "setup_s": 0.48381996154785156,
      "step_s": 0.07483100891113281,
      "border_cells": 18,
      "L_inf_at_component": 4,
      "L_inf_at_ij": [
        57,
        49
      ],
      "L_inf_dist_to_interface_cells": 1
    },
    {
      "Nx": 150,
      "dx": 0.0006666666666666668,
      "dt": 4.5454545454545464e-08,
      "n_steps": 22,
      "T_end": 1.0000000000000002e-06,
      "n_irregular_cells": 300,
      "L_inf": 220997.07775890178,
      "L_1": 3211.6582238514893,
      "setup_s": 0.7380542755126953,
      "step_s": 0.1704082489013672,
      "border_cells": 18,
      "L_inf_at_component": 4,
      "L_inf_at_ij": [
        23,
        72
      ],
      "L_inf_dist_to_interface_cells": 3
    }
  ],
  "order_L_inf": 0.9011549393002711,
  "order_L_1": 1.6459727540110147,
  "paper_reference": "Lombard & Piraux 2004 JCP 195 Table 2"
}